{"counts":{"camera_frames":0,"imu_samples":23,"keyframes":0,"lidar_frames":8,"map_points":177738,"trajectory_len":8},"imu_euler_deg":{"pitch":0.90087890625,"roll":0.02197265625,"yaw":103.2110595703125},"pose":{"euler_deg":{"pitch":0.9008789062499998,"roll":0.021972656249999976,"yaw":103.2110595703125},"position":[0.0,0.0,0.0],"quaternion_wxyz":[0.6210541180953648,-0.0060424471481724555,0.005032880553189745,0.783728231814184]},"rates_hz":{"camera":0.9985800700680417,"imu":63.706213762438274,"lidar":13.936078177781669},"running":true,"uptime_s":1.9119665622711182}
